id;nome;data_cadastro;data_evento;hora_inicio;hora_termino;observacao
1;amidst incidentally geez;2024-09-11T18:56:12;2024-09-11T22:59:39;after why headphones;utterly yahoo altruistic;jubilant before
2;huzzah roll;2024-09-12T02:04:13;2024-09-11T16:03:49;proposal climb;birthday;often
3;happily ew;2024-09-12T00:58:44;2024-09-12T05:39:15;excluding although furiously;throng;whose
4;brr blah save;2024-09-12T02:03:59;2024-09-11T22:51:07;save;safely;stipulate terminal
5;gee phooey versus;2024-09-11T16:41:32;2024-09-12T06:14:55;oh disastrous;sleep fooey;aha deeply pound
6;till enraged;2024-09-11T15:22:37;2024-09-11T20:27:09;deign forenenst always;forceful zowie;voluntarily vice
7;billow by;2024-09-11T14:14:48;2024-09-12T00:56:46;frightfully;meaty;printing
8;delegate fulfill above;2024-09-12T09:21:57;2024-09-12T01:24:19;less;ha clumsy um;hmph
9;jubilantly yuck yowza;2024-09-11T11:46:26;2024-09-12T05:34:12;feisty notice;yahoo satisfied reimburse;mistake jell whole
10;jaded chromolithograph puzzling;2024-09-11T11:18:41;2024-09-12T01:20:47;brr;until treatment;lively ick
